country,year,iso_code,population,gdp,biofuel_cons_change_pct,biofuel_cons_change_twh,biofuel_cons_per_capita,biofuel_consumption,biofuel_elec_per_capita,biofuel_electricity,biofuel_share_elec,biofuel_share_energy,carbon_intensity_elec,coal_cons_change_pct,coal_cons_change_twh,coal_cons_per_capita,coal_consumption,coal_elec_per_capita,coal_electricity,coal_prod_change_pct,coal_prod_change_twh,coal_prod_per_capita,coal_production,coal_share_elec,coal_share_energy,electricity_demand,electricity_generation,electricity_share_energy,energy_cons_change_pct,energy_cons_change_twh,energy_per_capita,energy_per_gdp,fossil_cons_change_pct,fossil_cons_change_twh,fossil_elec_per_capita,fossil_electricity,fossil_energy_per_capita,fossil_fuel_consumption,fossil_share_elec,fossil_share_energy,gas_cons_change_pct,gas_cons_change_twh,gas_consumption,gas_elec_per_capita,gas_electricity,gas_energy_per_capita,gas_prod_change_pct,gas_prod_change_twh,gas_prod_per_capita,gas_production,gas_share_elec,gas_share_energy,greenhouse_gas_emissions,hydro_cons_change_pct,hydro_cons_change_twh,hydro_consumption,hydro_elec_per_capita,hydro_electricity,hydro_energy_per_capita,hydro_share_elec,hydro_share_energy,low_carbon_cons_change_pct,low_carbon_cons_change_twh,low_carbon_consumption,low_carbon_elec_per_capita,low_carbon_electricity,low_carbon_energy_per_capita,low_carbon_share_elec,low_carbon_share_energy,net_elec_imports,net_elec_imports_share_demand,nuclear_cons_change_pct,nuclear_cons_change_twh,nuclear_consumption,nuclear_elec_per_capita,nuclear_electricity,nuclear_energy_per_capita,nuclear_share_elec,nuclear_share_energy,oil_cons_change_pct,oil_cons_change_twh,oil_consumption,oil_elec_per_capita,oil_electricity,oil_energy_per_capita,oil_prod_change_pct,oil_prod_change_twh,oil_prod_per_capita,oil_production,oil_share_elec,oil_share_energy,other_renewable_consumption,other_renewable_electricity,other_renewable_exc_biofuel_electricity,other_renewables_cons_change_pct,other_renewables_cons_change_twh,other_renewables_elec_per_capita,other_renewables_elec_per_capita_exc_biofuel,other_renewables_energy_per_capita,other_renewables_share_elec,other_renewables_share_elec_exc_biofuel,other_renewables_share_energy,per_capita_electricity,primary_energy_consumption,renewables_cons_change_pct,renewables_cons_change_twh,renewables_consumption,renewables_elec_per_capita,renewables_electricity,renewables_energy_per_capita,renewables_share_elec,renewables_share_energy,solar_cons_change_pct,solar_cons_change_twh,solar_consumption,solar_elec_per_capita,solar_electricity,solar_energy_per_capita,solar_share_elec,solar_share_energy,wind_cons_change_pct,wind_cons_change_twh,wind_consumption,wind_elec_per_capita,wind_electricity,wind_energy_per_capita,wind_share_elec,wind_share_energy
Germany,2000,DEU,81551680.0,2718560681984.0,92.32,1.233,31.505,2.569,53.095,4.33,0.761,0.064,573.126,3.821,36.514,12165.24,992.096,3637.938,296.68,-4.057,-29.859,8658.149,706.087,52.145,24.876,572.01,568.95,15.807,0.621,24.619,48903.699,1.467,-0.033,-1.104,4462.569,363.93,41590.516,3391.776,63.965,85.046,-0.831,-6.945,829.246,603.298,49.2,10168.348,-5.423,-10.129,2166.166,176.654,8.648,20.793,326.08,20.371,12.461,73.629,266.457,21.73,902.851,3.819,1.846,4.719,25.722,596.403,2513.989,205.02,7313.188,36.035,14.954,3.06,0.535,-0.234,-1.129,481.26,2079.785,169.61,5901.283,29.811,12.067,-1.916,-30.672,1570.435,221.332,18.05,19256.928,16.35,5.706,497.863,40.602,3.173,39.377,10.853,4.33,0.0,15.646,1.468,53.095,0.0,133.087,0.761,0.0,0.272,6976.558,3988.179,32.32,26.851,115.143,434.203,35.41,1411.904,6.224,2.887,-100.0,-0.056,0.0,0.0,0.0,0.0,0.0,0.0,71.852,11.745,28.091,114.651,9.35,344.461,1.643,0.704
Germany,2001,DEU,81514568.0,2793372909568.0,40.003,1.028,44.128,3.597,56.309,4.59,0.793,0.089,565.447,0.286,2.84,12205.622,994.936,3603.528,293.74,-4.045,-28.559,8311.741,677.528,50.738,24.489,582.6,578.94,15.761,1.871,74.62,49841.387,1.454,2.023,68.605,4536.122,369.76,42451.078,3460.381,63.868,85.172,5.455,45.236,874.482,680.86,55.5,10727.922,0.951,1.679,2187.754,178.334,9.586,21.524,327.36,-6.827,-5.472,68.157,278.846,22.73,836.129,3.926,1.678,1.87,6.015,602.418,2566.167,209.18,7390.309,36.132,14.828,3.66,0.628,1.002,1.665,482.924,2101.465,171.3,5924.39,29.589,11.886,1.307,20.528,1590.963,251.734,20.52,19517.533,1.36,0.552,504.864,41.154,3.544,39.159,16.599,4.59,0.0,52.941,5.746,56.309,0.0,203.638,0.793,0.0,0.409,7102.289,4062.799,5.519,4.351,119.494,464.702,37.88,1465.919,6.543,2.941,,0.294,0.294,1.227,0.1,3.604,0.017,0.007,10.526,2.755,30.847,128.321,10.46,378.42,1.807,0.759
Germany,2002,DEU,81443424.0,2822441533440.0,57.137,2.055,69.401,5.652,65.199,5.31,0.91,0.141,569.566,0.222,2.213,12243.454,997.149,3678.627,299.6,0.285,1.934,8342.746,679.462,51.322,24.856,593.76,583.76,16.112,-1.257,-51.076,49257.789,1.421,-1.512,-52.325,4597.425,374.43,41845.691,3408.056,64.141,84.952,-0.155,-1.354,873.128,691.277,56.3,10720.666,-0.261,-0.466,2183.943,177.868,9.644,21.764,332.49,2.155,1.02,69.176,283.878,23.12,849.38,3.961,1.724,1.259,1.249,603.666,2570.25,209.33,7412.095,35.859,15.048,10.0,1.684,-3.773,-21.218,461.706,2023.982,164.84,5669.042,28.238,11.509,-3.343,-53.183,1537.78,227.52,18.53,18881.572,6.166,2.538,536.464,43.691,3.174,38.332,20.43,5.31,0.0,23.077,3.831,65.199,0.0,250.85,0.91,0.0,0.509,7167.675,4011.723,21.493,22.466,141.96,546.269,44.49,1743.052,7.621,3.539,100.0,0.29,0.584,2.456,0.2,7.168,0.034,0.015,50.476,15.271,46.118,194.736,15.86,566.253,2.717,1.15
Germany,2003,DEU,81346808.0,2831676080128.0,43.285,2.447,99.56,8.099,110.023,8.95,1.487,0.202,569.955,1.652,16.471,12460.475,1013.62,3744.831,304.63,-1.069,-7.261,8263.39,672.2,50.6,25.274,598.76,602.03,16.608,-0.031,-1.252,49300.902,1.416,-0.088,-3.0,4797.975,390.3,41858.516,3405.057,64.831,84.904,1.213,10.592,883.72,769.422,62.59,10863.606,4.098,7.289,2276.139,185.157,10.396,22.035,343.13,-22.695,-16.043,53.134,225.209,18.32,653.176,3.043,1.325,1.493,1.748,605.414,2602.806,211.73,7442.384,35.169,15.096,-3.27,-0.546,0.132,-2.353,459.353,2029.09,165.06,5646.851,27.417,11.454,-1.955,-30.063,1507.717,283.723,23.08,18534.434,4.99,2.18,563.901,45.872,3.834,37.595,28.566,8.95,0.0,39.823,8.136,110.023,0.0,351.162,1.487,0.0,0.712,7400.782,4010.471,5.829,4.101,146.061,573.716,46.67,1795.534,7.752,3.642,56.5,0.324,0.908,3.811,0.31,11.159,0.051,0.023,20.804,9.237,55.355,234.674,19.09,680.477,3.171,1.38
Germany,2004,DEU,81266672.0,2894624980992.0,33.295,2.697,132.839,10.795,130.927,10.64,1.745,0.269,554.659,-2.517,-25.51,12158.858,988.11,3676.415,298.77,1.063,7.144,8359.45,679.345,49.011,24.642,606.98,609.6,16.921,-0.014,-0.578,49342.406,1.385,-1.123,-38.246,4732.075,384.56,41429.168,3366.811,63.084,83.963,0.508,4.491,888.211,771.165,62.67,10929.579,-7.465,-13.821,2108.308,171.335,10.281,22.15,338.12,13.233,6.648,59.782,255.332,20.75,735.627,3.404,1.491,7.273,37.668,643.082,2769.155,225.04,7913.237,36.916,16.037,-2.62,-0.432,1.215,2.618,461.972,2055.824,167.07,5684.639,27.406,11.521,-1.143,-17.227,1490.49,284.495,23.12,18340.73,-5.825,-2.672,531.578,43.2,3.793,37.17,33.951,10.64,0.0,18.85,5.385,130.927,0.0,417.768,1.745,0.0,0.847,7501.229,4009.893,25.533,35.05,181.111,713.331,57.97,2228.598,9.51,4.517,77.955,0.697,1.605,6.891,0.56,19.751,0.092,0.04,36.318,19.623,74.978,320.18,26.02,922.613,4.268,1.87
Germany,2005,DEU,81212168.0,2945460994048.0,84.707,9.144,245.528,19.94,181.13,14.71,2.398,0.503,546.271,-4.324,-42.723,11640.955,945.387,3547.99,288.14,-3.152,-21.414,8101.381,657.931,46.979,23.858,608.77,613.34,17.254,-1.179,-47.258,48793.613,1.345,-1.739,-58.555,4763.572,386.86,40735.957,3308.255,63.074,83.486,1.644,14.6,902.81,888.906,72.19,11116.689,-3.448,-5.908,2036.97,165.427,11.77,22.783,335.05,-5.34,-3.55,56.232,241.836,19.64,692.405,3.202,1.419,4.49,11.297,654.38,2788.745,226.48,8057.658,36.926,16.514,-4.57,-0.751,-2.41,-13.986,447.986,2007.704,163.05,5516.237,26.584,11.305,-2.042,-30.432,1460.058,326.675,26.53,17978.311,-1.706,-0.737,522.861,42.463,4.325,36.846,46.949,14.71,0.0,38.286,12.998,181.13,0.0,578.102,2.398,0.0,1.185,7552.317,3962.635,21.257,25.284,206.394,781.041,63.43,2541.421,10.342,5.209,134.829,2.14,3.745,16.131,1.31,46.118,0.214,0.095,6.745,4.551,79.528,341.944,27.77,979.268,4.528,2.007
Germany,2006,DEU,81177816.0,3086359199744.0,59.473,11.859,391.717,31.799,233.315,18.94,3.005,0.783,536.163,4.011,37.924,12113.054,983.311,3559.224,288.93,-5.696,-37.477,7643.141,620.453,45.847,24.205,613.22,630.2,17.35,2.517,99.752,50043.066,1.316,1.583,52.362,4808.826,390.37,41398.223,3360.617,61.944,82.725,1.912,17.258,920.069,920.572,74.73,11333.994,-1.212,-2.005,2013.137,163.422,11.858,22.648,337.89,2.001,0.765,56.996,246.742,20.03,702.117,3.178,1.403,10.269,47.39,701.77,2954.379,239.83,8644.846,38.056,17.275,-16.98,-2.769,2.648,8.97,456.955,2060.538,167.27,5629.066,26.542,11.248,-0.193,-2.821,1457.237,329.031,26.71,17951.174,0.937,0.398,527.986,42.861,4.238,35.871,60.445,18.94,0.0,28.746,13.496,233.315,0.0,744.601,3.005,0.0,1.488,7763.205,4062.387,25.174,38.42,244.814,893.84,72.56,3015.78,11.514,6.026,73.165,2.699,6.445,27.963,2.27,79.392,0.36,0.159,12.782,9.601,89.129,385.82,31.32,1097.953,4.97,2.194
Germany,2007,DEU,81183832.0,3220275724288.0,13.672,4.348,445.241,36.146,303.262,24.62,3.901,0.928,551.783,2.54,24.976,12419.798,1008.287,3659.596,297.1,1.996,12.382,7795.097,632.836,47.077,25.897,614.54,631.1,18.134,-4.159,-168.964,47958.113,1.209,-4.36,-146.51,4941.008,401.13,39590.488,3214.107,63.56,82.552,-3.664,-33.707,886.362,954.008,77.45,10917.961,-8.398,-13.725,1843.931,149.697,12.272,22.766,348.23,5.686,2.864,59.861,260.766,21.17,737.348,3.354,1.537,-2.061,-22.454,679.316,2832.707,229.97,8367.628,36.44,17.448,-16.56,-2.695,-16.027,-75.634,381.321,1731.01,140.53,4697.009,22.267,9.794,-9.455,-137.778,1319.459,327.405,26.58,16252.727,-1.829,-0.784,518.29,42.077,4.212,33.889,78.579,24.62,0.0,30.001,18.134,303.262,0.0,967.914,3.901,0.0,2.018,7773.715,3893.423,20.337,53.18,297.995,1101.697,89.44,3670.618,14.172,7.654,38.499,2.425,8.87,38.678,3.14,109.261,0.498,0.228,29.316,25.409,114.538,498.991,40.51,1410.853,6.419,2.942
Germany,2008,DEU,81217488.0,3289020366848.0,-12.259,-4.431,390.498,31.715,345.0,28.02,4.432,0.806,525.408,-7.585,-76.479,11473.0,931.808,3388.556,275.21,-7.936,-50.22,7173.526,582.616,43.526,23.682,612.19,632.29,18.063,1.059,41.243,48446.047,1.196,0.366,11.776,4794.903,389.43,39719.078,3225.884,61.59,81.986,0.975,8.644,895.006,1089.421,88.48,11019.871,-8.916,-13.347,1678.834,136.351,13.994,22.747,332.21,-3.434,-2.415,57.446,251.67,20.44,707.311,3.233,1.46,3.289,29.466,708.783,2990.243,242.86,8726.97,38.41,18.014,-20.1,-3.283,5.865,19.859,401.18,1828.301,148.49,4939.579,23.484,10.196,6.034,79.611,1399.069,316.927,25.74,17226.207,-9.279,-3.904,470.005,38.173,4.071,35.558,89.479,28.04,0.02,13.882,10.9,345.246,0.246,1101.721,4.435,0.003,2.274,7785.146,3934.666,0.405,9.607,307.602,1161.942,94.37,3787.39,14.925,7.818,43.704,3.797,12.668,55.53,4.51,155.973,0.713,0.322,2.168,1.756,116.294,509.496,41.38,1431.887,6.544,2.956
Germany,2009,DEU,81260624.0,3136502104064.0,-0.639,-0.203,387.797,31.513,380.135,30.89,5.254,0.853,521.549,-10.465,-97.516,10266.872,834.292,3118.977,253.45,-7.348,-42.813,6642.857,539.803,43.107,22.596,575.69,587.96,17.92,-6.163,-242.488,45436.254,1.177,-6.431,-207.452,4392.657,356.95,37145.078,3018.432,60.71,81.752,-5.665,-50.705,844.301,987.809,80.27,10390.04,-6.519,-8.889,1568.554,127.462,13.652,22.867,306.65,-6.907,-4.298,53.148,234.185,19.03,654.045,3.237,1.439,-4.492,-35.036,673.746,2842.828,231.01,8291.177,39.29,18.248,-12.27,-2.131,-9.306,-39.579,361.601,1660.46,134.93,4449.891,22.949,9.794,-4.234,-59.231,1339.838,285.87,23.23,16488.162,-8.584,-3.277,429.433,34.896,3.951,36.289,98.643,30.91,0.02,10.241,9.164,380.381,0.246,1213.907,5.257,0.003,2.672,7235.485,3692.178,1.188,4.543,312.145,1182.369,96.08,3841.286,16.341,8.454,48.957,6.085,18.753,82.697,6.72,230.777,1.143,0.508,-4.748,-6.206,110.089,485.106,39.42,1354.761,6.705,2.982
Germany,2010,DEU,81325088.0,3301123031040.0,0.094,0.03,387.854,31.542,417.091,33.92,5.434,0.82,516.637,7.417,61.88,11019.628,896.172,3232.582,262.89,-1.113,-6.008,6563.718,533.795,42.116,23.294,609.26,624.21,18.294,4.197,154.973,47305.836,1.165,3.846,116.097,4650.963,378.24,38543.195,3134.529,60.595,81.477,4.313,36.411,880.712,1091.422,88.76,10829.53,-12.727,-16.222,1367.843,111.24,14.22,22.893,322.49,10.099,5.009,58.157,257.608,20.95,715.114,3.356,1.512,5.713,38.876,712.622,3024.528,245.97,8762.64,39.405,18.523,-14.95,-2.454,4.168,12.761,374.362,1728.372,140.56,4603.274,22.518,9.731,1.329,17.806,1357.644,326.959,26.59,16694.041,-10.91,-3.807,382.276,31.089,4.26,35.29,108.367,33.95,0.03,9.862,9.724,417.46,0.369,1332.52,5.439,0.005,2.817,7675.492,3847.151,7.348,26.115,338.261,1296.156,105.41,4159.365,16.887,8.792,78.153,14.451,33.204,147.064,11.96,408.29,1.916,0.863,-2.215,-3.098,106.99,474.023,38.55,1315.587,6.176,2.781
Germany,2011,DEU,81423384.0,3467712921600.0,4.141,1.306,403.426,32.848,453.064,36.89,6.098,0.885,529.669,1.631,14.619,11185.866,910.791,3223.398,262.46,1.815,9.688,6674.771,543.482,43.382,24.546,601.23,605.0,18.345,-3.55,-136.567,45571.484,1.07,-3.25,-101.86,4576.081,372.6,37245.68,3032.669,61.587,81.73,-8.187,-72.105,808.607,1052.155,85.67,9930.896,-5.92,-6.585,1285.313,104.655,14.16,21.792,320.45,-15.664,-9.409,48.748,217.014,17.67,598.7,2.921,1.314,-4.42,-34.707,677.916,2854.217,232.4,8325.809,38.413,18.27,-3.77,-0.627,-23.183,-88.541,285.821,1326.032,107.97,3510.303,17.846,7.703,-3.268,-44.373,1313.271,300.528,24.47,16128.915,4.082,1.269,397.399,32.358,4.045,35.393,117.812,36.91,0.02,8.71,9.444,453.31,0.246,1446.903,6.101,0.003,3.175,7430.297,3710.584,14.836,53.834,392.095,1528.185,124.43,4815.506,20.567,10.567,67.107,21.944,55.148,245.507,19.99,677.302,3.304,1.486,29.341,30.548,137.538,612.355,49.86,1689.174,8.241,3.707
Germany,2012,DEU,81545568.0,3482225475584.0,6.528,2.144,429.117,34.993,529.765,43.2,6.97,0.93,534.164,2.776,25.283,11479.154,936.074,3387.431,276.23,2.229,12.113,6813.311,555.595,44.567,24.883,599.27,619.81,18.611,1.383,51.332,46132.684,1.08,0.656,19.895,4622.569,376.95,37433.844,3052.564,60.817,81.144,0.308,2.493,811.101,931.381,75.95,9946.593,-9.594,-10.041,1160.256,94.614,12.254,21.561,331.08,23.111,10.903,59.651,266.722,21.75,731.503,3.509,1.586,4.755,31.437,709.352,2978.212,242.86,8698.844,39.183,18.856,-20.54,-3.428,-7.883,-24.127,261.694,1219.686,99.46,3209.177,16.047,6.956,-0.6,-7.882,1305.389,303.757,24.77,16008.096,0.274,0.089,397.891,32.446,3.996,34.7,137.981,43.23,0.03,17.122,20.169,530.133,0.368,1692.074,6.975,0.005,3.668,7600.781,3761.916,13.431,55.563,447.658,1758.526,143.4,5489.667,23.136,11.9,33.78,18.182,73.33,327.915,26.74,899.256,4.314,1.949,3.656,4.165,141.703,633.756,51.68,1737.718,8.338,3.767
Germany,2013,DEU,81680592.0,3497463119872.0,-10.518,-3.681,383.346,31.312,557.17,45.51,7.227,0.809,538.027,2.919,27.324,11794.707,963.399,3528.378,288.2,-5.551,-30.839,6424.489,524.756,45.769,24.904,597.5,629.69,18.369,2.834,106.601,47361.52,1.106,3.107,94.841,4657.777,380.45,38533.078,3147.405,60.419,81.359,4.764,38.643,849.743,820.268,67.0,10403.247,-9.061,-8.572,1053.387,86.041,10.64,21.966,338.79,5.714,3.028,62.679,281.585,23.0,767.369,3.653,1.62,0.968,11.761,721.113,3051.398,249.24,8828.446,39.581,18.641,-32.19,-5.387,-2.182,-7.252,254.443,1191.103,97.29,3115.092,15.45,6.577,2.212,28.873,1334.262,309.131,25.25,16335.122,0.83,0.269,400.532,32.716,4.01,34.49,145.494,45.59,0.08,5.467,7.513,558.15,0.979,1781.252,7.24,0.013,3.761,7709.175,3868.517,2.724,19.012,466.67,1860.295,151.95,5713.355,24.131,12.063,14.497,10.125,83.455,374.875,30.62,1021.724,4.863,2.157,2.045,2.027,143.73,645.686,52.74,1759.664,8.376,3.715
Germany,2014,DEU,81858824.0,3574741336064.0,4.852,1.519,401.073,32.831,589.918,48.29,7.804,0.885,521.681,-3.893,-37.504,11310.875,925.895,3352.235,274.41,-2.188,-11.48,6270.265,513.276,44.349,24.954,584.87,618.75,19.009,-4.086,-158.052,45327.605,1.038,-5.854,-184.241,4394.028,359.69,36198.457,2963.163,58.132,79.86,-13.038,-110.793,738.95,740.421,60.61,9027.131,-6.06,-5.214,987.4,80.827,9.796,19.915,322.79,-14.832,-9.616,53.063,239.314,19.59,648.227,3.166,1.43,4.038,26.189,747.301,3164.717,259.06,9129.148,41.868,20.14,-33.88,-5.793,-0.165,-1.942,252.5,1186.555,97.13,3084.583,15.698,6.805,-2.694,-35.944,1298.318,301.372,24.67,15860.452,-6.742,-2.206,372.713,30.51,3.987,34.991,154.4,48.39,0.1,6.128,8.907,591.14,1.222,1886.179,7.821,0.016,4.161,7558.746,3710.465,6.269,28.131,494.801,1978.162,161.93,6044.565,26.171,13.335,15.764,12.577,96.032,433.063,35.45,1173.143,5.729,2.588,10.922,14.744,158.474,714.645,58.5,1935.944,9.455,4.271
Germany,2015,DEU,82073232.0,3628073746432.0,-6.254,-2.053,375.009,30.778,613.233,50.33,7.874,0.814,503.591,-1.171,-10.839,11149.26,915.056,3316.55,272.2,-2.994,-15.367,6066.648,497.909,42.586,24.202,590.89,639.17,19.417,1.897,70.395,46066.906,1.042,0.606,17.971,4377.066,359.24,36322.855,2981.134,56.204,78.848,4.139,30.586,769.536,748.965,61.47,9376.213,-6.907,-5.583,916.795,75.244,9.617,20.353,321.88,-3.114,-1.959,51.105,231.257,18.98,622.67,2.969,1.352,6.449,52.424,799.726,3410.734,279.93,9744.049,43.796,21.152,-48.28,-8.171,-5.501,-15.309,237.191,1118.391,91.79,2889.992,14.361,6.273,-0.137,-1.776,1296.542,311.551,25.57,15797.383,-0.051,-0.016,371.548,30.494,4.001,34.292,160.996,50.46,0.13,4.285,6.596,614.817,1.584,1961.616,7.895,0.02,4.258,7787.801,3780.86,12.408,67.734,562.535,2292.343,188.14,6854.057,29.435,14.878,7.414,6.506,102.538,463.976,38.08,1249.343,5.958,2.712,37.826,58.644,217.118,982.294,80.62,2645.42,12.613,5.743
Germany,2016,DEU,82331432.0,3708980035584.0,0.235,0.072,374.713,30.851,618.597,50.93,7.939,0.803,498.301,-2.745,-25.121,10809.177,889.935,3179.223,261.75,-7.418,-36.937,5598.982,460.972,40.802,23.167,591.0,641.52,19.063,1.603,60.591,46658.379,1.036,2.668,79.527,4466.824,367.76,37174.879,3060.661,57.326,79.675,10.306,79.311,848.847,979.213,80.62,10310.126,-7.993,-6.014,840.875,69.23,12.567,22.097,319.67,8.268,3.898,55.002,249.601,20.55,668.061,3.203,1.432,-1.959,-18.935,780.79,3325.097,273.76,9483.501,42.674,20.325,-50.52,-8.548,-7.792,-19.776,217.415,1027.918,84.63,2640.73,13.192,5.66,1.954,25.336,1321.879,308.388,25.39,16055.576,-2.805,-0.855,359.996,29.639,3.958,34.411,163.024,51.1,0.17,1.276,2.028,620.662,2.065,1980.091,7.965,0.026,4.244,7791.921,3841.451,0.487,0.841,563.375,2297.178,189.13,6842.771,29.482,14.666,-1.366,-1.999,100.539,456.205,37.56,1221.147,5.855,2.617,-0.868,-3.159,213.96,970.711,79.92,2598.759,12.458,5.57
Germany,2017,DEU,82624368.0,3808389496832.0,1.729,0.534,379.841,31.384,616.283,50.92,7.901,0.807,469.711,-6.068,-54.005,10117.229,835.93,2919.962,241.26,-0.548,-2.528,5548.539,458.444,37.436,21.5,592.0,644.46,19.043,1.215,46.682,47057.949,1.021,0.005,0.16,4265.812,352.46,37045.012,3060.821,54.691,78.722,3.362,28.537,877.385,1041.339,86.04,10618.958,-7.899,-5.469,771.705,63.762,13.351,22.566,302.71,-1.927,-1.377,53.625,243.875,20.15,649.022,3.127,1.379,6.165,46.523,827.313,3534.066,292.0,10012.939,45.309,21.278,-52.46,-8.861,-9.819,-22.501,194.914,923.698,76.32,2359.043,11.842,5.013,1.939,25.628,1347.506,304.511,25.16,16308.822,,,,,3.904,34.657,162.955,51.08,0.16,-0.045,-0.069,618.22,1.936,1972.241,7.926,0.025,4.191,7799.879,3888.133,12.314,69.023,632.398,2610.368,215.68,7653.896,33.467,16.265,3.209,2.615,103.154,469.111,38.76,1248.473,6.014,2.653,32.242,67.32,281.28,1279.163,105.69,3404.32,16.4,7.234
Germany,2018,DEU,82896696.0,3845758648320.0,4.25,1.334,394.683,32.718,612.69,50.79,8.033,0.864,454.545,-3.498,-29.24,9731.268,806.69,2752.341,228.16,-4.152,-19.037,5300.665,439.408,36.085,21.298,583.54,632.28,19.3,-2.584,-100.451,45691.598,0.985,-3.802,-116.384,4021.27,333.35,35519.348,2944.437,52.722,77.737,-2.152,-18.878,858.507,983.875,81.56,10356.35,-13.086,-8.344,668.516,55.418,12.899,22.666,287.4,-12.194,-6.814,46.811,213.398,17.69,564.689,2.798,1.236,2.556,15.933,843.246,3606.054,298.93,10172.254,47.278,22.263,-48.74,-8.352,-0.419,-1.951,192.963,916.804,76.0,2327.755,12.02,5.094,-5.066,-68.267,1279.239,285.054,23.63,15431.727,,,,,3.737,33.774,162.595,50.97,0.18,-0.213,-0.36,614.862,2.171,1961.421,8.061,0.028,4.293,7627.325,3787.682,3.475,17.885,650.283,2689.251,222.93,7844.5,35.258,17.168,14.342,14.104,117.259,534.641,44.32,1414.515,7.01,3.096,4.029,9.621,290.9,1326.349,109.95,3509.191,17.389,7.68
Germany,2019,DEU,83148144.0,3886392803328.0,-1.705,-0.558,386.781,32.16,602.9,50.13,8.354,0.87,392.491,-22.62,-182.472,7507.296,624.218,2061.982,171.45,-24.779,-108.88,3975.167,330.528,28.571,16.894,567.42,600.09,19.005,-2.451,-92.843,44436.824,0.951,-4.593,-135.225,3413.787,283.85,33785.625,2809.212,47.301,76.031,3.998,34.323,892.83,1082.405,90.0,10737.825,-3.808,-2.11,641.116,53.308,14.998,24.164,235.53,11.519,5.2,52.01,237.287,19.73,625.514,3.288,1.408,5.048,42.382,885.628,3803.332,316.24,10651.205,52.699,23.969,-32.67,-5.758,-1.228,-3.073,189.89,902.846,75.07,2283.759,12.51,5.139,1.01,12.925,1292.164,269.399,22.4,15540.501,,,,,3.733,34.972,160.513,50.33,0.2,-1.271,-2.083,605.305,2.405,1930.443,8.387,0.033,4.344,7217.119,3694.84,6.914,45.455,695.738,2900.486,241.17,8367.446,40.189,18.83,2.033,1.943,119.201,543.849,45.22,1433.602,7.536,3.226,14.5,40.953,331.853,1514.045,125.89,3991.106,20.979,8.982
Germany,2020,DEU,83328992.0,3742720851968.0,22.111,7.111,471.277,39.271,611.192,50.93,8.986,1.14,355.659,-17.518,-109.351,6178.721,514.867,1615.284,134.6,-17.724,-58.583,3263.505,271.945,23.749,14.95,547.72,566.75,19.481,-6.792,-250.958,41328.738,0.92,-9.08,-255.066,3010.717,250.88,30651.35,2554.146,44.266,74.165,-2.437,-21.755,871.075,1140.059,95.0,10453.444,-14.976,-7.983,543.919,45.324,16.762,25.293,201.57,-7.141,-3.891,48.119,224.652,18.72,577.457,3.303,1.397,1.818,4.108,889.736,3790.637,315.87,10677.387,55.734,25.835,-19.03,-3.474,-14.238,-27.635,162.255,772.6,64.38,1947.161,11.36,4.711,-9.593,-123.959,1168.205,255.373,21.28,14019.186,,,,,3.755,33.921,163.162,51.16,0.23,1.665,2.649,613.952,2.76,1958.048,9.027,0.041,4.738,6801.354,3443.882,6.228,31.743,727.481,3018.037,251.49,8730.226,44.374,21.124,9.454,10.789,129.991,594.031,49.5,1559.971,8.734,3.775,4.931,15.085,346.938,1585.403,132.11,4163.474,23.31,10.074
Germany,2021,DEU,83408560.0,3841041629184.0,-11.16,-4.383,418.281,34.888,588.669,49.1,8.476,0.984,394.538,20.795,107.068,7456.483,621.935,1974.018,164.65,17.794,48.389,3840.533,320.333,28.422,17.546,560.73,579.31,19.105,2.924,100.699,42496.609,0.923,5.521,141.009,3323.28,277.19,32312.693,2695.155,47.848,76.036,5.316,46.305,917.38,1082.623,90.3,10998.635,0.097,0.044,543.927,45.368,15.588,25.881,228.56,7.289,3.318,51.437,235.707,19.66,616.689,3.394,1.451,-4.727,-40.31,849.426,3622.17,302.12,10183.914,52.152,23.964,-18.58,-3.314,7.375,11.328,173.583,828.812,69.13,2081.121,11.933,4.897,-1.058,-12.364,1155.841,266.639,22.24,13857.579,,,,,3.839,32.609,160.416,49.34,0.24,-1.675,-2.746,591.546,2.877,1923.256,8.517,0.041,4.526,6945.45,3544.581,-7.41,-51.639,675.842,2793.358,232.99,8102.793,40.219,19.067,-0.315,-0.884,129.107,591.546,49.34,1547.885,8.517,3.642,-13.213,-46.944,299.994,1374.559,114.65,3596.683,19.791,8.463
Germany,2022,DEU,83369840.0,3909612732416.0,0.152,0.053,419.109,34.941,577.427,48.14,8.483,1.024,420.057,3.188,19.826,7697.751,641.76,2158.814,179.98,3.437,11.011,3974.387,331.344,31.716,18.803,540.21,567.47,19.446,-3.712,-131.581,40938.07,0.873,-3.638,-98.054,3374.482,281.33,31151.562,2597.101,49.576,76.094,-15.472,-141.933,775.447,957.181,79.8,9301.292,-6.162,-2.795,510.649,42.573,14.062,22.72,238.37,-10.343,-5.489,45.949,211.467,17.63,551.142,3.107,1.346,-4.045,-33.526,815.899,3432.177,286.14,9786.506,50.424,23.906,-27.26,-5.046,-49.792,-86.748,86.835,416.338,34.71,1041.57,6.117,2.544,2.081,24.053,1179.893,258.487,21.55,14152.52,,,,,3.798,34.571,165.541,48.35,0.21,3.177,5.125,579.946,2.519,1985.628,8.52,0.037,4.85,6806.658,3413.0,7.719,53.222,729.064,3015.839,251.43,8744.936,44.307,21.361,22.221,28.114,157.221,729.161,60.79,1885.822,10.712,4.607,8.87,25.418,325.412,1495.265,124.66,3903.235,21.968,9.534
Germany,2023,DEU,83294632.0,2252583632896.0,3.533,1.234,434.309,36.176,552.497,46.02,9.117,1.141,380.95,-20.964,-134.538,6089.495,507.222,1624.955,135.35,-23.208,-76.9,3054.752,254.444,26.813,16.003,513.71,504.79,18.78,-7.133,-243.45,38052.27,1.609,-8.422,-218.725,2779.051,231.48,28553.773,2378.376,45.857,75.038,-2.426,-18.809,756.638,912.424,76.0,9083.876,-10.597,-4.512,456.946,38.061,15.056,23.872,192.3,11.432,5.067,51.015,233.869,19.48,612.47,3.859,1.61,-2.608,-24.726,791.174,3281.244,273.31,9498.495,54.143,24.962,8.92,1.736,-79.21,-68.848,17.987,105.049,8.75,215.949,1.733,0.568,-5.541,-65.378,1114.516,241.672,20.13,13380.403,,,,,3.988,35.163,157.841,46.23,0.21,-4.646,-7.7,555.018,2.521,1894.975,9.158,0.042,4.98,6060.295,3169.55,6.574,44.122,773.186,3176.195,264.56,9282.546,52.41,24.394,1.512,1.798,159.018,739.063,61.56,1909.108,12.195,5.017,13.85,43.723,369.136,1648.245,137.29,4431.685,27.197,11.646
Iran,2000,IRN,65544380.0,595554533376.0,,,,,0.0,0.0,0.0,,667.449,6.273,0.895,231.288,15.16,7.323,0.48,10.385,0.864,140.125,9.184,0.402,1.085,118.67,119.35,8.592,4.881,65.0,21307.211,2.345,5.244,69.023,1762.622,115.53,21134.986,1385.28,96.799,99.192,8.128,44.682,594.409,1244.348,81.56,9068.798,6.336,33.566,8595.186,563.366,68.337,42.562,79.66,-26.483,-4.027,11.18,57.671,3.78,170.577,3.167,0.801,-26.275,-4.023,11.288,58.281,3.82,172.224,3.201,0.808,-0.68,-0.573,,0.0,0.0,0.0,0.0,0.0,0.0,0.0,3.117,23.445,775.711,510.952,33.49,11834.9,7.606,157.562,34008.508,2229.067,28.06,55.544,0.0,0.0,,,0.0,0.0,,0.0,0.0,,0.0,1820.904,1396.568,-26.275,-4.023,11.288,58.281,3.82,172.224,3.201,0.808,,0.0,0.0,0.0,0.0,0.0,0.0,0.0,4.286,0.004,0.108,0.61,0.04,1.647,0.034,0.008
Iran,2001,IRN,66674856.0,636570238976.0,,,,,0.0,0.0,0.0,,667.764,-1.963,-0.298,222.903,14.862,7.049,0.47,-2.962,-0.272,133.67,8.912,0.368,0.996,127.29,127.59,8.597,6.843,95.574,22379.375,2.344,6.833,94.653,1851.373,123.44,22196.268,1479.933,96.747,99.182,11.931,70.918,665.327,1342.335,89.5,9978.68,11.127,62.686,9389.632,626.052,70.147,44.589,85.2,9.019,0.929,12.11,61.792,4.12,181.621,3.229,0.812,8.859,0.92,12.209,62.242,4.15,183.106,3.253,0.818,-0.3,-0.236,,0.0,0.0,0.0,0.0,0.0,0.0,0.0,3.098,24.033,799.744,501.988,33.47,11994.686,-0.971,-21.635,33107.406,2207.432,26.232,53.597,0.0,0.0,,,0.0,0.0,,0.0,0.0,,0.0,1913.615,1492.142,8.859,0.92,12.209,62.242,4.15,183.106,3.253,0.818,,0.0,0.0,0.0,0.0,0.0,0.0,0.0,-7.671,-0.009,0.099,0.45,0.03,1.485,0.024,0.007
Iran,2002,IRN,67327120.0,698059653120.0,,,,,0.0,0.0,0.0,,651.812,-5.251,-0.78,209.151,14.082,7.723,0.52,-7.361,-0.656,122.631,8.256,0.376,0.866,138.41,138.23,8.581,8.996,134.226,24156.205,2.33,8.309,122.961,1933.693,130.19,23807.547,1602.894,94.184,98.557,17.567,116.876,782.203,1456.174,98.04,11617.952,18.915,118.419,11057.526,744.471,70.925,48.095,90.1,94.372,11.276,23.386,118.971,8.01,347.344,5.795,1.438,93.525,11.266,23.474,119.417,8.04,348.658,5.816,1.443,0.18,0.13,,0.0,0.0,0.0,0.0,0.0,0.0,0.0,0.858,6.865,806.609,469.796,31.63,11980.442,-5.628,-124.233,30941.443,2083.198,22.882,49.596,0.0,0.0,,,0.0,0.0,,0.0,0.0,,0.0,2053.11,1626.368,93.525,11.266,23.474,119.417,8.04,348.658,5.816,1.443,,0.0,0.0,0.0,0.0,0.0,0.0,0.0,-10.089,-0.011,0.088,0.446,0.03,1.314,0.022,0.005
Iran,2003,IRN,67954704.0,779969691648.0,,,,,0.0,0.0,0.0,,648.994,8.349,1.176,224.52,15.257,6.916,0.47,10.756,0.888,134.566,9.144,0.31,0.921,152.22,151.65,9.259,1.834,29.827,24372.035,2.123,1.586,25.414,2090.069,142.03,23961.666,1628.308,93.656,98.316,2.629,20.564,802.767,1616.518,109.85,11813.271,4.89,36.405,11491.128,780.876,72.437,48.471,98.42,19.67,4.421,27.806,141.123,9.59,409.19,6.324,1.679,19.563,4.412,27.886,141.565,9.62,410.368,6.344,1.684,0.57,0.374,,0.0,0.0,0.0,0.0,0.0,0.0,0.0,0.456,3.675,810.283,466.634,31.71,11923.876,12.822,267.106,34586.34,2350.304,20.91,48.924,0.0,0.0,,,0.0,0.0,,0.0,0.0,,0.0,2231.634,1656.194,19.563,4.412,27.886,141.565,9.62,410.368,6.344,1.684,,0.0,0.0,0.0,0.0,0.0,0.0,0.0,-8.911,-0.008,0.08,0.441,0.03,1.178,0.02,0.005
Iran,2004,IRN,69061680.0,849441914880.0,,,,,0.0,0.0,0.0,,641.558,4.68,0.714,231.26,15.971,6.95,0.48,7.087,0.648,141.793,9.792,0.295,0.872,163.09,162.76,8.995,10.612,175.763,26526.402,2.157,10.387,169.13,2183.266,150.78,26026.557,1797.438,92.639,98.116,16.168,129.793,932.56,1659.531,114.61,13503.293,16.587,129.525,13182.437,910.401,70.417,50.905,104.42,24.458,6.58,34.387,172.744,11.93,497.914,7.33,1.877,24.582,6.634,34.52,173.468,11.98,499.846,7.361,1.884,0.33,0.202,,0.0,0.0,0.0,0.0,0.0,0.0,0.0,4.767,38.623,848.906,516.784,35.69,12292.003,3.337,78.42,35167.465,2428.724,21.928,46.339,0.0,0.0,,,0.0,0.0,,0.0,0.0,,0.0,2356.734,1831.958,24.582,6.634,34.52,173.468,11.98,499.846,7.361,1.884,,0.0,0.0,0.0,0.0,0.0,0.0,0.0,67.754,0.053,0.133,0.724,0.05,1.932,0.031,0.007
Iran,2005,IRN,70182592.0,908856000512.0,,,,,0.0,0.0,0.0,,636.302,13.346,2.132,257.938,18.103,8.122,0.57,27.124,2.656,177.374,12.449,0.322,0.933,176.39,177.07,9.255,5.914,108.342,27646.455,2.135,5.635,101.289,2316.102,162.55,27054.092,1898.726,91.8,97.857,4.065,37.909,970.469,1775.084,124.58,13827.774,6.121,55.724,13765.882,966.125,70.356,50.016,112.67,21.076,6.984,41.371,205.892,14.45,589.471,8.161,2.132,21.2,7.053,41.574,206.889,14.52,592.364,8.2,2.143,-0.68,-0.386,,0.0,0.0,0.0,0.0,0.0,0.0,0.0,7.215,61.248,910.154,532.896,37.4,12968.379,-0.46,-11.183,34446.445,2417.541,21.122,46.908,0.0,0.0,,,0.0,0.0,,0.0,0.0,,0.0,2522.99,1940.3,21.2,7.053,41.574,206.889,14.52,592.364,8.2,2.143,,0.0,0.0,0.0,0.0,0.0,0.0,0.0,53.132,0.07,0.203,0.997,0.07,2.893,0.04,0.01
Iran,2006,IRN,71275768.0,995245162496.0,,,,,0.0,0.0,0.0,,624.722,-3.475,-0.629,245.157,17.474,7.857,0.56,6.105,0.76,185.317,13.209,0.29,0.824,193.2,193.43,9.273,9.275,179.971,29747.424,2.13,8.876,168.522,2452.306,174.79,29003.518,2067.248,90.363,97.499,9.003,87.371,1057.84,1755.435,125.12,14841.509,8.969,86.647,14770.415,1052.773,64.685,49.892,120.84,28.108,11.295,52.666,259.696,18.51,738.899,9.569,2.484,28.346,11.449,53.022,261.519,18.64,743.905,9.637,2.501,-0.23,-0.119,,0.0,0.0,0.0,0.0,0.0,0.0,0.0,8.985,81.78,991.934,689.014,49.11,13916.853,1.323,31.99,34366.953,2449.531,25.389,46.783,0.0,0.0,,,0.0,0.0,,0.0,0.0,,0.0,2713.825,2120.271,28.346,11.449,53.022,261.519,18.64,743.905,9.637,2.501,,0.0,0.0,0.0,0.0,0.004,0.0,0.0,76.728,0.154,0.357,1.824,0.13,5.002,0.067,0.017
Iran,2007,IRN,72319424.0,1098784571392.0,,,,,0.0,0.0,0.0,,630.859,4.244,0.742,251.874,18.215,7.882,0.57,0.848,0.112,184.191,13.321,0.281,0.808,202.44,203.12,9.146,6.307,133.721,31167.166,2.051,6.558,135.563,2558.372,185.02,30459.473,2202.812,91.089,97.729,12.07,127.682,1185.522,1918.572,138.75,16392.859,12.099,127.372,16318.497,1180.144,68.309,52.597,128.14,-2.972,-1.884,50.781,248.343,17.96,702.18,8.842,2.253,-2.868,-1.842,51.18,250.279,18.1,707.693,8.911,2.271,-0.68,-0.336,,0.0,0.0,0.0,0.0,0.0,0.0,0.0,0.72,7.139,999.074,631.919,45.7,13814.737,1.251,30.633,34294.582,2480.164,22.499,44.325,0.0,0.0,,,0.0,0.0,,0.0,0.0,,0.0,2808.651,2253.991,-2.868,-1.842,51.18,250.279,18.1,707.693,8.911,2.271,0.0,-0.0,0.0,0.0,0.0,0.004,0.0,0.0,12.45,0.042,0.398,1.936,0.14,5.509,0.069,0.018
Iran,2008,IRN,73318400.0,1132365742080.0,,,,,0.0,0.0,0.0,,662.359,-21.263,-3.873,195.617,14.342,5.319,0.39,-4.505,-0.6,173.498,12.721,0.185,0.617,208.3,210.49,9.114,3.078,69.376,31688.732,2.052,4.499,99.104,2766.7,202.85,31396.146,2301.915,96.37,99.077,6.102,72.345,1257.867,1842.102,135.06,17156.227,4.705,55.53,16853.535,1235.674,64.165,54.14,139.42,-58.583,-29.88,20.901,101.475,7.44,285.075,3.535,0.9,-57.823,-29.728,21.452,104.203,7.64,292.587,3.63,0.923,-2.19,-1.051,,0.0,0.0,0.0,0.0,0.0,0.0,0.0,3.066,30.632,1029.706,919.278,67.4,14044.305,1.017,25.234,34171.48,2505.398,32.021,44.32,0.0,0.0,,,0.0,0.0,,0.0,0.0,,0.0,2870.903,2323.367,-57.823,-29.728,21.452,104.203,7.64,292.587,3.63,0.923,100.0,0.0,0.001,0.0,0.0,0.008,0.0,0.0,38.964,0.152,0.55,2.728,0.2,7.504,0.095,0.024
Iran,2009,IRN,74322688.0,1208128372736.0,,,,,0.0,0.0,0.0,,666.832,-35.471,-5.087,124.525,9.255,5.113,0.38,-27.547,-3.504,124.006,9.216,0.171,0.389,217.73,221.81,9.372,2.407,55.923,32012.967,1.969,2.518,57.961,2890.907,214.86,31751.764,2359.876,96.867,99.184,7.161,90.077,1347.944,2010.288,149.41,18136.375,9.847,121.682,18263.01,1357.356,67.359,56.653,147.91,-9.613,-2.126,18.775,90.417,6.72,252.62,3.03,0.789,-8.944,-2.039,19.413,93.511,6.95,261.204,3.133,0.816,-4.08,-1.874,,0.0,0.0,0.0,0.0,0.0,0.0,0.0,-2.625,-27.029,1002.677,875.507,65.07,13490.863,-3.809,-95.438,32425.627,2409.96,29.336,42.142,0.005,0.002,,,0.005,0.023,,0.073,0.001,,0.0,2984.418,2379.29,-8.944,-2.039,19.413,93.511,6.95,261.204,3.133,0.816,50.0,0.0,0.001,0.0,0.0,0.011,0.0,0.0,15.526,0.082,0.632,3.095,0.23,8.5,0.104,0.027
Iran,2010,IRN,75373864.0,1310507008000.0,,,,,0.133,0.01,0.004,,661.236,44.393,4.109,177.298,13.364,4.644,0.35,-5.469,-0.504,115.589,8.712,0.149,0.55,231.99,235.68,9.771,2.16,51.398,32248.412,1.855,1.773,41.852,2988.437,225.25,31864.209,2401.729,95.575,98.809,7.118,95.95,1443.894,2306.502,173.85,19156.428,6.022,81.746,19092.846,1439.102,73.765,59.403,155.84,52.491,9.68,28.455,135.989,10.25,377.521,4.349,1.171,50.073,9.545,28.959,138.377,10.43,384.202,4.425,1.191,-3.69,-1.591,,0.0,0.0,0.0,0.0,0.0,0.0,0.0,-5.805,-58.206,944.471,677.29,51.05,12530.483,2.323,55.979,32716.096,2465.938,21.661,38.856,0.033,0.01,,500.0,0.027,0.135,,0.432,0.004,,0.001,3126.813,2430.688,50.073,9.545,28.959,138.377,10.43,384.202,4.425,1.191,133.333,0.001,0.002,0.0,0.0,0.026,0.0,0.0,-25.287,-0.163,0.469,2.255,0.17,6.223,0.072,0.019
Iran,2011,IRN,76342968.0,1345049329664.0,,,,,0.262,0.02,0.008,,654.06,2.765,0.37,179.888,13.733,5.632,0.43,6.887,0.6,121.982,9.312,0.183,0.543,230.58,235.59,9.393,3.983,96.818,33107.25,1.879,3.971,95.363,2941.594,224.57,32708.865,2497.092,95.322,98.797,6.097,88.032,1531.926,1864.35,142.33,20066.369,4.917,70.761,19777.363,1509.863,60.414,60.61,154.09,4.214,1.018,29.473,139.895,10.68,386.067,4.533,1.166,5.693,1.455,30.414,144.349,11.02,398.385,4.678,1.203,-5.01,-2.173,,0.283,0.283,1.441,0.11,3.713,0.047,0.011,0.737,6.961,951.432,1071.611,81.81,12462.606,0.234,5.766,32376.32,2471.704,34.726,37.643,0.07,0.022,,115.686,0.038,0.288,,0.92,0.009,,0.003,3085.942,2527.506,4.666,1.172,30.13,142.908,10.91,394.672,4.631,1.192,0.0,-0.0,0.002,0.0,0.0,0.025,0.0,0.0,25.444,0.116,0.585,2.751,0.21,7.661,0.089,0.023
Iran,2012,IRN,77324448.0,1324570771456.0,,,,,0.259,0.02,0.008,,648.348,-22.442,-3.082,137.746,10.651,5.173,0.4,-10.309,-0.96,108.017,8.352,0.161,0.417,241.61,248.74,9.844,0.953,24.091,32998.57,1.926,0.623,15.555,3032.547,234.49,32494.855,2512.647,94.271,98.474,-0.422,-6.471,1525.455,2022.0,156.35,19727.982,3.94,59.495,20295.748,1569.358,62.857,59.784,161.27,17.016,4.806,34.28,161.656,12.5,443.323,5.025,1.343,29.333,8.535,38.949,184.288,14.25,503.713,5.729,1.526,-7.13,-2.951,1255.695,3.536,3.82,18.752,1.45,49.398,0.583,0.15,2.639,25.108,976.54,1005.374,77.74,12629.126,-15.08,-372.736,27144.949,2098.968,31.254,38.272,0.072,0.023,,2.727,0.002,0.292,,0.933,0.009,,0.003,3216.835,2551.596,17.306,4.999,35.13,165.536,12.8,454.316,5.146,1.377,0.0,-0.0,0.002,0.0,0.0,0.025,0.0,0.0,33.491,0.191,0.776,3.621,0.28,10.035,0.113,0.03
Iran,2013,IRN,78458928.0,1287095582720.0,,,,,0.255,0.02,0.008,,633.624,-16.791,-1.788,112.959,8.863,5.863,0.46,0.67,0.056,107.169,8.408,0.178,0.334,250.98,258.86,9.882,3.936,100.436,33801.539,2.06,3.492,87.74,3055.612,239.74,33143.285,2600.386,92.614,98.053,0.845,12.89,1538.345,1754.931,137.69,19607.008,0.377,5.923,20077.773,1575.281,53.191,58.006,164.02,16.973,5.577,39.857,186.34,14.62,507.992,5.648,1.503,34.07,12.697,51.646,243.694,19.12,658.255,7.386,1.947,-7.88,-3.14,193.13,7.309,11.129,54.296,4.26,141.846,1.646,0.42,7.848,76.639,1053.179,1294.818,101.59,13423.315,-5.988,-125.683,25150.557,1973.286,39.245,39.712,0.062,0.019,,-14.602,-0.011,0.246,,0.785,0.007,,0.002,3299.306,2652.032,16.042,5.387,40.517,189.398,14.86,516.409,5.741,1.528,0.0,-0.0,0.002,0.0,0.0,0.024,0.0,0.0,-22.615,-0.179,0.597,2.804,0.22,7.607,0.085,0.023
Iran,2014,IRN,79961672.0,1352736964608.0,,,,,0.625,0.05,0.018,,644.161,19.067,1.69,131.969,10.552,6.628,0.53,3.628,0.305,108.97,8.713,0.192,0.381,269.74,275.63,10.07,4.408,116.89,34628.117,2.047,4.537,117.971,3211.664,256.81,33995.758,2718.358,93.172,98.174,12.719,195.665,1734.009,2401.15,192.0,21685.508,11.377,179.225,21941.838,1754.506,69.659,62.624,177.55,-0.821,-0.564,39.293,181.337,14.5,491.395,5.261,1.419,-1.556,-1.081,50.564,235.363,18.82,632.359,6.828,1.826,-5.89,-2.184,-4.368,-0.55,10.579,50.899,4.07,132.304,1.477,0.382,-7.537,-79.383,973.796,803.885,64.28,12178.281,2.578,50.875,25314.137,2024.161,23.321,35.169,0.149,0.047,,141.451,0.087,0.583,,1.86,0.017,,0.005,3447.026,2768.922,-0.752,-0.532,39.985,184.463,14.75,500.055,5.351,1.444,0.0,-0.0,0.002,0.0,0.0,0.024,0.0,0.0,-8.676,-0.055,0.542,2.501,0.2,6.776,0.073,0.02
Iran,2015,IRN,81790848.0,1331012173824.0,,,,,0.245,0.02,0.007,,650.835,20.304,2.143,155.214,12.695,5.624,0.46,13.572,1.183,120.992,9.896,0.164,0.464,277.57,280.24,10.35,-1.195,-33.086,33449.172,2.055,-1.018,-27.677,3219.553,263.33,32897.086,2690.681,93.966,98.349,6.124,106.185,1840.195,2526.077,206.61,22498.787,4.615,80.973,22441.127,1835.479,73.726,67.263,182.39,-8.632,-3.605,35.687,161.999,13.25,436.324,4.728,1.304,-10.173,-5.409,45.156,206.747,16.91,552.086,6.034,1.651,-2.67,-0.962,-14.109,-1.547,9.033,42.792,3.5,110.435,1.249,0.33,-13.966,-136.005,837.791,687.852,56.26,10243.086,3.56,72.065,25629.094,2096.225,20.076,30.623,0.052,0.016,,-65.021,-0.097,0.199,,0.636,0.006,,0.002,3426.3,2735.836,-9.087,-3.862,36.123,163.955,13.41,441.651,4.785,1.32,114.286,0.002,0.004,0.0,0.0,0.049,0.0,0.0,-29.5,-0.162,0.38,1.712,0.14,4.642,0.05,0.014
Iran,2016,IRN,83306232.0,1413723717632.0,,,,,0.24,0.02,0.007,,642.133,-16.821,-2.135,126.757,10.56,5.882,0.49,4.595,0.455,124.249,10.351,0.171,0.366,283.67,286.14,10.045,5.445,148.961,34628.828,2.041,5.043,135.699,3169.871,264.07,33927.59,2826.38,92.287,97.975,6.684,122.996,1963.19,2704.72,225.32,23565.949,8.605,157.94,23928.812,1993.419,78.745,68.053,183.74,16.375,5.598,41.285,185.1,15.42,495.584,5.389,1.431,30.598,13.262,58.417,264.926,22.07,701.238,7.713,2.025,-2.47,-0.871,85.226,7.599,16.632,77.665,6.47,199.644,2.261,0.577,1.771,14.839,852.63,459.269,38.26,10234.884,19.918,417.535,30174.934,2513.76,13.371,29.556,0.07,0.022,,33.742,0.018,0.262,,0.835,0.008,,0.002,3434.797,2884.797,16.36,5.663,41.786,187.261,15.6,501.594,5.452,1.448,233.333,0.009,0.013,0.0,0.0,0.161,0.0,0.0,10.638,0.038,0.418,1.921,0.16,5.013,0.056,0.014
Iran,2017,IRN,84505080.0,1486668300288.0,,,,,0.237,0.02,0.007,,641.675,13.466,1.422,141.786,11.982,8.165,0.69,,,,,0.226,0.4,300.85,305.17,10.327,3.832,110.534,35445.574,2.015,3.686,104.171,3319.918,280.55,34678.988,2930.551,91.932,97.837,4.424,86.849,2050.04,2987.986,252.5,24259.367,7.278,145.082,25306.18,2138.501,82.741,68.441,195.82,11.736,4.574,45.859,203.893,17.23,542.682,5.646,1.531,11.499,6.363,64.78,291.343,24.62,766.582,8.068,2.163,-4.32,-1.436,7.465,1.136,17.768,82.362,6.96,210.26,2.281,0.593,1.865,15.9,868.529,323.768,27.36,10277.837,8.511,213.939,32278.521,2727.699,8.965,28.996,0.078,0.024,,12.11,0.008,0.289,,0.923,0.008,,0.003,3611.262,2995.331,13.172,5.226,47.012,208.982,17.66,556.322,5.787,1.57,1616.1,0.215,0.228,1.065,0.09,2.702,0.029,0.008,103.846,0.429,0.846,3.787,0.32,10.015,0.105,0.028
Iran,2018,IRN,85617560.0,1483607244800.0,,,,,0.234,0.02,0.006,,657.916,32.276,3.867,185.112,15.849,8.059,0.69,,,,,0.221,0.512,308.64,312.35,10.183,3.358,100.588,36159.855,2.087,4.068,119.209,3441.233,294.63,35620.734,3049.76,94.327,98.509,3.726,76.394,2126.434,3110.227,266.29,24836.422,2.934,62.751,25710.283,2201.252,85.254,68.685,205.5,-42.909,-19.831,26.029,114.93,9.84,304.011,3.15,0.841,-28.021,-18.621,46.159,206.967,17.72,539.126,5.673,1.491,-3.71,-1.202,-1.038,-0.287,17.481,80.474,6.89,204.173,2.206,0.565,4.484,38.948,907.478,322.948,27.65,10599.199,-5.081,-138.589,30240.404,2589.11,8.852,29.312,0.078,0.024,,0.0,0.0,0.285,,0.911,0.008,,0.003,3648.2,3095.919,-38.652,-18.334,28.678,126.493,10.83,334.953,3.467,0.926,158.512,0.359,0.587,2.57,0.22,6.854,0.07,0.019,135.849,1.138,1.984,8.76,0.75,23.176,0.24,0.064
Iran,2019,IRN,86564208.0,1438754537472.0,,,,,0.116,0.01,0.003,,607.733,19.459,3.084,218.715,18.933,8.549,0.74,,,,,0.232,0.58,312.03,318.89,9.976,5.428,168.052,37705.781,2.269,3.457,105.445,3204.211,277.37,36449.309,3155.206,86.98,96.668,2.702,57.462,2183.896,2824.608,244.51,25228.619,3.72,81.888,26375.1,2283.14,76.675,66.909,193.8,244.226,63.239,89.267,391.27,33.87,1031.225,10.621,2.735,134.31,62.607,108.766,479.644,41.52,1256.473,13.02,3.332,-6.86,-2.199,-6.895,-1.265,16.215,74.049,6.41,187.323,2.01,0.497,4.948,44.9,952.377,371.054,32.12,11001.976,-27.368,-708.589,21723.994,1880.52,10.072,29.178,0.034,0.011,,-56.277,-0.044,0.123,,0.394,0.003,,0.001,3683.855,3263.971,224.048,63.872,92.55,405.595,35.11,1069.15,11.01,2.836,130.134,0.759,1.346,5.892,0.51,15.544,0.16,0.041,-3.733,-0.081,1.903,8.318,0.72,21.986,0.226,0.058
Iran,2020,IRN,87290192.0,1446203752448.0,,,,,0.229,0.02,0.006,,632.77,13.127,2.485,245.368,21.418,8.592,0.75,,,,,0.222,0.632,330.4,337.2,10.103,3.799,123.983,38812.543,2.343,4.795,151.291,3504.861,305.94,37879.355,3306.496,90.73,97.596,8.415,183.778,2367.673,3072.854,268.23,27124.162,3.268,74.615,27010.539,2357.755,79.546,69.885,213.37,-31.478,-28.324,60.943,265.78,23.2,698.166,6.88,1.799,-24.691,-27.307,81.458,358.116,31.26,933.191,9.27,2.404,-6.8,-2.058,-1.253,-0.262,15.953,72.517,6.33,182.764,1.877,0.471,-3.672,-34.973,917.405,423.415,36.96,10509.824,-8.671,-163.055,19675.35,1717.465,10.961,27.078,0.071,0.022,,109.077,0.037,0.256,,0.817,0.007,,0.002,3862.977,3387.954,-28.97,-27.045,65.505,285.599,24.93,750.428,7.393,1.933,14.378,0.188,1.533,6.645,0.58,17.567,0.172,0.045,55.956,1.054,2.957,12.945,1.13,33.878,0.335,0.087
Iran,2021,IRN,87923432.0,1525523152896.0,,,,,0.227,0.02,0.006,,656.56,-2.729,-0.585,236.952,20.834,8.53,0.75,,,,,0.217,0.627,338.53,345.33,10.488,-1.945,-65.896,37783.531,2.178,-1.03,-34.057,3697.99,325.14,37219.195,3272.439,94.153,98.506,-3.056,-72.359,2295.314,3305.035,290.59,26105.834,3.0,70.733,27620.484,2428.488,84.148,69.093,226.73,-40.414,-24.762,36.181,169.238,14.88,411.503,4.309,1.089,-38.913,-31.84,49.619,229.632,20.19,564.339,5.847,1.494,-6.8,-2.009,-44.132,-7.073,8.88,40.262,3.54,100.999,1.025,0.267,4.239,38.887,956.291,384.425,33.8,10876.41,16.599,285.075,22775.951,2002.54,9.788,28.786,0.071,0.022,,-0.004,-0.0,0.254,,0.811,0.006,,0.002,3927.622,3322.058,-37.588,-24.767,40.738,189.369,16.65,463.34,4.821,1.226,0.0,-0.006,1.528,7.052,0.62,17.376,0.18,0.046,0.413,0.001,2.959,12.852,1.13,33.649,0.327,0.089
Iran,2022,IRN,88550568.0,1572209033216.0,,,,,0.226,0.02,0.006,,665.154,3.216,0.67,242.841,21.504,8.47,0.75,,,,,0.215,0.62,340.93,348.13,10.165,4.359,144.815,39151.336,2.205,4.167,136.355,3750.512,332.11,38495.457,3408.794,95.398,98.325,4.3,98.698,2394.013,3390.041,300.19,27035.543,2.0,48.57,27973.367,2477.058,86.229,69.054,231.56,1.28,0.33,36.51,84.133,7.45,412.31,2.14,1.053,17.986,8.46,58.079,180.914,16.02,655.88,4.602,1.675,-7.2,-2.112,85.664,7.547,16.427,74.195,6.57,185.511,1.887,0.474,3.868,36.987,993.278,352.002,31.17,11217.07,4.679,93.698,23672.781,2096.238,8.954,28.651,0.09,0.028,,26.27,0.019,0.319,,1.017,0.008,,0.003,3931.426,3466.873,2.607,0.913,41.651,106.719,9.45,470.369,2.715,1.201,18.321,0.273,1.801,8.244,0.73,20.34,0.21,0.052,10.251,0.291,3.25,14.116,1.25,36.702,0.359,0.094
Iran,2023,IRN,89172768.0,2890930520064.0,,,,,0.224,0.02,0.006,,655.125,1.8,0.387,245.487,21.891,8.411,0.75,,,,,0.207,0.62,355.61,363.03,10.454,1.853,64.243,39598.59,1.8450000000000002,1.215,41.413,3818.543,340.51,38691.266,3450.207,93.797,97.709,2.57,61.522,2455.535,3526.076,314.43,27536.824,1.604,39.722,28223.631,2516.779,86.613,69.54,237.83,61.761,22.335,58.845,156.438,13.95,659.897,3.843,1.666,39.372,22.83,80.909,252.543,22.52,907.328,6.203,2.291,-7.42,-2.087,1.051,0.112,16.539,73.677,6.57,185.477,1.81,0.468,-2.064,-20.496,972.781,284.055,25.33,10908.952,18.893,396.05,27948.984,2492.288,6.977,27.549,0.09,0.028,,0.0,0.0,0.316,,1.01,0.008,,0.003,4071.086,3531.116,55.128,22.718,64.369,178.866,15.95,721.851,4.394,1.823,10.317,0.179,1.98,8.186,0.73,22.201,0.201,0.056,6.693,0.205,3.455,14.018,1.25,38.744,0.344,0.098
Japan,2000,JPN,126803864.0,4209652006912.0,,,,,127.047,16.11,1.465,,424.427,7.203,74.626,8758.434,1110.603,1878.807,238.24,-25.814,-6.569,148.876,18.878,21.665,17.76,1099.67,1099.67,20.116,1.779,109.312,49314.926,1.485,2.074,102.546,5358.828,679.52,39797.359,5046.459,61.793,80.7,4.162,30.232,756.65,2038.581,258.5,5967.091,7.844,2.268,245.921,31.184,23.507,12.1,466.73,0.807,1.999,249.771,666.147,84.47,1969.742,7.681,3.994,0.571,6.767,1206.865,3313.385,420.15,9517.571,38.207,19.3,0.0,0.0,0.595,5.353,905.512,2516.642,319.12,7141.046,29.02,14.48,-0.073,-2.312,3179.205,1441.439,182.78,25071.832,8.625,0.647,64.269,8.15,16.621,50.84,50.242,16.111,,-2.279,-1.173,127.055,,396.218,1.465,,0.803,8672.213,6253.323,0.496,1.413,301.353,796.742,101.03,2376.526,9.187,4.819,57.808,0.373,1.017,2.681,0.34,8.023,0.031,0.016,199.75,0.215,0.322,0.867,0.11,2.542,0.01,0.005
Japan,2001,JPN,127065736.0,4224163250176.0,,,,,126.155,16.03,1.48,,424.017,2.391,26.551,8949.342,1137.155,1998.257,253.91,2.236,0.422,151.892,19.3,23.442,18.384,1083.14,1083.14,20.024,-1.081,-67.62,48681.129,1.464,-1.11,-56.011,5227.846,664.28,39274.535,4990.448,61.329,80.677,2.727,20.634,777.284,2018.797,256.52,6117.179,-0.474,-0.148,244.252,31.036,23.683,12.566,459.27,-3.47,-10.233,239.538,641.715,81.54,1885.153,7.528,3.872,-0.309,-11.609,1195.256,3296.404,418.86,9406.594,38.671,19.323,0.0,0.0,0.444,-1.887,903.625,2522.631,320.54,7111.479,29.594,14.608,-3.246,-103.196,3076.01,1210.791,153.85,24208.018,0.252,0.021,64.298,8.17,14.204,49.728,49.884,16.029,,-0.511,-0.358,126.145,,392.581,1.48,,0.806,8524.249,6185.704,-2.687,-9.722,291.63,773.773,98.32,2295.115,9.077,4.715,45.247,0.451,1.468,3.935,0.5,11.554,0.046,0.024,131.193,0.418,0.74,1.967,0.25,5.826,0.023,0.012
Japan,2002,JPN,127301744.0,4226576285696.0,,,0.0,0.0,133.07,16.94,1.536,0.0,433.726,6.222,70.753,9488.543,1207.908,2077.112,264.42,-57.205,-11.041,64.882,8.26,23.971,19.59,1103.07,1103.07,20.399,-0.32,-19.807,48435.285,1.459,0.081,4.034,5421.528,690.17,39233.41,4994.481,62.568,81.002,-2.164,-16.824,760.46,1985.519,252.76,5973.684,10.691,3.318,269.864,34.354,22.914,12.333,478.43,-1.149,-4.28,235.258,633.141,80.6,1848.035,7.307,3.815,-1.421,-23.841,1171.415,3243.475,412.9,9201.875,37.432,18.998,0.0,0.0,-1.959,-23.419,880.207,2468.623,314.26,6914.334,28.49,14.275,-1.622,-49.897,3026.113,1358.897,172.99,23771.182,-1.211,-0.099,63.401,8.071,15.683,49.078,52.717,16.939,,5.681,2.833,133.064,,414.11,1.536,,0.855,8665.003,6165.896,0.335,-0.422,291.208,774.852,98.64,2287.541,8.942,4.723,38.996,0.559,2.027,5.42,0.69,15.927,0.063,0.033,63.889,0.465,1.205,3.221,0.41,9.469,0.037,0.02
Japan,2003,JPN,127502352.0,4288493387776.0,,0.0,0.0,0.0,140.233,17.88,1.636,0.0,476.318,2.761,33.351,9735.188,1241.259,2290.625,292.06,-2.302,-0.19,63.288,8.069,26.731,20.141,1092.59,1092.59,19.737,-0.048,-2.984,48335.68,1.437,3.987,199.139,5885.225,750.38,40733.523,5193.62,68.679,84.272,9.8,74.522,834.982,2141.921,273.1,6548.759,3.134,1.077,277.883,35.431,24.996,13.549,520.42,14.73,32.922,268.18,725.242,92.47,2103.336,8.463,4.352,-17.121,-202.123,969.292,2683.95,342.21,7602.152,31.321,15.728,0.0,0.0,-26.787,-239.913,640.294,1804.516,230.08,5021.821,21.058,10.389,3.016,91.266,3117.378,1452.679,185.22,24449.576,2.265,0.183,64.735,8.254,16.952,50.583,55.638,17.876,,5.532,2.921,140.205,,436.372,1.636,,0.903,8569.175,6162.913,13.672,37.79,328.998,879.435,112.13,2580.331,10.263,5.338,37.335,0.739,2.767,7.451,0.95,21.698,0.087,0.045,101.453,1.207,2.413,6.51,0.83,18.924,0.076,0.039
Japan,2004,JPN,127671288.0,4380398190592.0,,0.0,0.0,0.0,141.379,18.05,1.61,0.0,450.263,2.646,32.843,9979.555,1274.103,2313.676,295.39,0.044,0.004,63.233,8.073,26.346,20.395,1121.19,1121.19,20.287,1.366,84.194,48931.176,1.426,-1.254,-65.153,5662.119,722.89,40169.309,5128.467,64.475,82.093,-3.466,-28.942,806.041,2019.718,257.86,6313.405,3.809,1.349,288.085,36.78,22.999,12.903,504.83,-0.871,-4.028,264.152,718.016,91.67,2069.004,8.176,4.228,16.389,149.347,1118.64,3119.73,398.3,8761.872,35.525,17.907,0.0,0.0,24.247,150.188,790.482,2239.11,285.87,6191.538,25.497,12.654,-2.215,-69.054,3048.324,1328.725,169.64,23876.348,7.947,0.656,69.787,8.91,15.13,48.796,56.192,18.053,,0.99,0.553,141.406,,440.127,1.61,,0.899,8781.849,6247.106,0.265,-0.84,328.158,880.621,112.43,2570.335,10.028,5.253,33.3,0.898,3.664,9.947,1.27,28.702,0.113,0.059,73.077,1.737,4.15,11.279,1.44,32.502,0.128,0.066
Japan,2005,JPN,127798376.0,4450600615936.0,,0.0,0.0,0.0,169.72,21.69,1.881,0.0,461.802,4.765,60.712,10444.688,1334.814,2497.684,319.2,-16.805,-1.357,52.554,6.716,27.683,21.013,1153.07,1153.07,20.433,1.686,105.312,49706.562,1.427,2.315,118.744,5925.271,757.24,41058.516,5247.211,65.672,82.602,2.635,21.239,827.28,1980.385,253.09,6473.319,7.367,2.709,308.999,39.49,21.949,13.023,532.49,-15.388,-42.062,222.091,606.893,77.56,1737.821,6.726,3.496,-0.621,-13.433,1105.207,3097.301,395.83,8648.049,34.328,17.398,0.0,0.0,2.509,14.705,805.187,2292.987,293.04,6300.447,25.414,12.675,1.207,36.793,3085.117,1447.201,184.95,24140.506,9.044,0.806,76.023,9.716,16.04,48.566,67.792,21.686,,20.121,11.601,169.689,,530.462,1.881,,1.067,9022.571,6352.418,-8.578,-28.138,300.02,804.314,102.79,2347.601,8.914,4.723,28.19,1.003,4.668,12.754,1.63,36.523,0.141,0.073,32.639,1.32,5.469,14.945,1.91,42.795,0.166,0.086
Japan,2006,JPN,127902168.0,4514225061888.0,,0.043,0.337,0.043,168.332,21.53,1.849,0.001,447.245,-1.699,-22.672,10258.948,1312.142,2434.204,311.34,22.118,1.486,64.126,8.202,26.739,20.71,1164.35,1164.35,20.822,-0.261,-16.597,49536.465,1.404,-1.411,-74.024,5829.377,745.59,40446.441,5173.188,64.035,81.65,7.038,58.224,885.503,2189.486,280.04,6923.287,10.242,4.045,340.371,43.534,24.051,13.976,520.75,14.499,30.601,252.692,694.359,88.81,1975.665,7.627,3.988,5.804,57.428,1162.634,3274.065,418.76,9090.028,35.965,18.35,0.0,0.0,3.84,25.66,830.847,2379.084,304.29,6495.956,26.134,13.113,-3.552,-109.575,2975.542,1205.687,154.21,23264.205,0.993,0.096,76.715,9.812,13.244,46.964,67.299,21.528,,-0.729,-0.493,168.316,,526.176,1.849,,1.062,9103.441,6335.821,11.403,31.768,331.787,894.981,114.47,2594.072,9.831,5.237,22.425,1.011,5.678,15.637,2.0,44.396,0.172,0.09,11.78,0.606,6.075,16.653,2.13,47.497,0.183,0.096
Japan,2007,JPN,128006424.0,4590814101504.0,80.527,0.035,0.609,0.078,173.429,22.2,1.881,0.001,470.193,4.974,65.262,10760.426,1377.404,2478.86,317.31,4.667,0.383,67.063,8.585,26.888,21.952,1180.11,1180.11,21.059,-0.968,-61.33,49017.004,1.367,0.963,49.796,6244.531,799.34,40802.512,5222.983,67.734,83.242,7.724,68.397,953.901,2319.024,296.85,7451.974,6.247,2.72,361.34,46.254,25.154,15.203,554.88,-16.099,-42.007,210.685,582.08,74.51,1645.896,6.314,3.358,-9.062,-111.127,1051.507,2974.616,380.77,8214.488,32.266,16.758,0.0,0.0,-8.308,-73.792,757.055,2179.656,279.01,5914.193,23.643,12.066,-2.818,-83.863,2891.68,1446.646,185.18,22590.113,3.708,0.364,79.495,10.176,15.692,46.086,69.403,22.198,,3.112,2.104,173.413,,542.184,1.881,,1.106,9219.146,6274.491,-11.065,-37.335,294.453,794.96,101.76,2300.296,8.623,4.693,15.877,0.86,6.539,18.046,2.31,51.082,0.196,0.104,28.337,1.673,7.748,21.405,2.74,60.526,0.232,0.123
Japan,2008,JPN,128077632.0,4542408163328.0,5.517,0.004,0.642,0.082,166.227,21.29,1.799,0.001,485.224,2.714,37.377,11046.276,1414.781,2605.451,333.7,-13.741,-1.18,57.816,7.405,28.191,22.973,1183.7,1183.7,21.366,-1.848,-115.959,48084.367,1.356,-0.704,-36.756,6480.288,829.98,40492.84,5186.227,70.117,84.212,3.889,37.094,990.995,2536.196,324.83,7737.455,-0.46,-0.213,359.476,46.041,27.442,16.091,574.36,0.879,0.531,211.216,586.832,75.16,1649.127,6.35,3.43,-7.096,-79.202,972.305,2761.762,353.72,7591.529,29.883,15.788,0.0,0.0,-9.772,-78.221,678.833,1965.527,251.74,5300.17,21.267,11.023,-3.847,-111.229,2780.451,1338.641,171.45,21709.105,3.86,0.393,82.518,10.569,14.484,45.148,66.608,21.293,,-4.077,-2.795,166.251,,520.063,1.799,,1.082,9242.051,6158.532,0.236,-0.981,293.472,796.236,101.98,2291.358,8.615,4.765,12.173,0.75,7.289,20.222,2.59,56.912,0.219,0.118,7.482,0.528,8.276,22.955,2.94,64.614,0.248,0.134
Japan,2009,JPN,128117040.0,4298103324672.0,612.66,0.504,4.572,0.586,158.683,20.33,1.825,0.01,460.207,-16.104,-227.833,9264.556,1186.947,2435.897,312.08,4.31,0.319,60.29,7.724,28.014,21.113,1114.02,1114.02,22.372,-8.712,-536.541,43881.684,1.308,-11.166,-579.117,5792.282,742.09,35960.164,4607.11,66.614,81.948,-6.682,-66.215,924.78,2534.557,324.72,7218.245,-3.704,-1.706,346.053,44.335,29.148,16.449,512.68,-6.251,-14.424,196.792,550.044,70.47,1536.032,6.326,3.5,5.279,42.576,1014.881,2903.049,371.93,7921.517,33.386,18.052,0.0,0.0,9.099,57.196,736.029,2143.743,274.65,5744.975,24.654,13.092,-10.253,-285.069,2495.382,821.827,105.29,19477.363,-7.604,-0.804,76.22,9.765,9.451,44.386,63.398,20.326,,-4.543,-3.211,158.65,,494.843,1.825,,1.128,8695.33,5621.991,-4.142,-14.62,278.852,759.306,97.28,2176.542,8.732,4.96,17.407,1.216,8.505,23.806,3.05,66.386,0.274,0.151,16.377,1.296,9.571,26.772,3.43,74.709,0.308,0.17
Japan,2010,JPN,128105432.0,4480295763968.0,282.328,1.654,17.483,2.24,170.407,21.83,1.888,0.037,446.663,13.968,165.787,10559.54,1352.734,2473.354,316.85,-28.396,-2.193,43.174,5.531,27.408,22.607,1156.04,1156.04,21.895,6.436,361.808,46709.957,1.336,5.642,259.943,5818.957,745.44,37992.559,4867.053,64.482,81.337,8.065,74.587,999.367,2545.481,326.09,7801.13,-7.89,-3.498,318.778,40.837,28.208,16.701,516.36,25.596,48.854,245.646,690.837,88.5,1917.532,7.655,4.105,10.827,101.865,1116.746,3205.173,410.6,8717.399,35.518,18.663,0.0,0.0,6.446,42.639,778.668,2282.183,292.36,6078.336,25.29,13.013,0.784,19.569,2514.951,800.122,102.5,19631.887,-4.551,-0.444,72.757,9.321,8.866,42.029,68.246,21.827,,7.386,4.848,170.384,,532.73,1.888,,1.141,9024.13,5983.799,23.123,59.226,338.078,922.99,118.24,2639.064,10.228,5.65,30.729,2.545,11.051,31.068,3.98,86.262,0.344,0.185,14.543,1.325,10.896,30.678,3.93,85.056,0.34,0.182
Japan,2011,JPN,128007256.0,4468738359296.0,-2.64,-0.059,17.035,2.181,164.913,21.11,1.912,0.038,505.343,-5.181,-70.085,10020.133,1282.65,2226.983,285.07,38.659,2.138,59.91,7.669,25.817,22.625,1104.2,1104.2,21.261,-5.257,-314.591,44288.176,1.269,0.984,47.871,6466.586,827.77,38395.664,4914.924,74.966,86.695,12.096,120.885,1120.252,2967.253,379.83,8751.477,-0.109,-0.045,318.674,40.793,34.399,19.76,558.0,-6.797,-18.094,227.552,644.417,82.49,1777.653,7.471,4.014,-32.515,-362.462,754.284,2159.487,276.43,5892.509,25.034,13.305,0.0,0.0,-44.271,-347.368,431.3,1272.818,162.93,3369.341,14.755,7.608,-0.116,-2.93,2512.022,1272.35,162.87,19624.057,-4.062,-0.379,69.856,8.942,14.75,44.31,65.945,21.105,,-3.307,-2.3,164.875,,515.167,1.911,,1.163,8626.073,5669.208,-3.989,-15.095,322.984,886.668,113.5,2523.168,10.279,5.697,36.615,3.954,15.005,42.498,5.44,117.218,0.493,0.265,13.585,1.405,12.301,34.842,4.46,96.096,0.404,0.217
Japan,2012,JPN,127853688.0,4530172329984.0,-0.839,-0.018,16.912,2.162,173.088,22.13,1.999,0.039,594.527,5.578,71.549,10591.787,1354.199,2614.708,334.3,3.896,0.299,62.319,7.968,30.202,24.114,1106.88,1106.88,20.558,-0.941,-53.324,43924.301,1.24,6.872,337.73,7645.927,977.56,41083.32,5252.654,88.317,93.532,9.989,111.898,1232.151,3406.159,435.49,9637.193,-4.651,-1.897,304.216,38.895,39.344,21.94,658.07,-6.53,-16.149,211.403,603.033,77.1,1653.478,6.966,3.764,-52.805,-391.054,363.23,1011.469,129.32,2840.983,11.683,6.468,0.0,0.0,-88.957,-383.962,47.338,140.708,17.99,370.252,1.625,0.843,6.142,154.282,2666.304,1625.061,207.77,20854.336,-3.594,-0.321,67.426,8.621,18.771,47.478,69.151,22.13,,4.856,3.206,173.088,,540.861,1.999,,1.231,8657.396,5615.884,-1.884,-7.092,315.892,870.761,111.33,2470.731,10.058,5.625,35.534,5.209,20.213,57.644,7.37,158.097,0.666,0.36,6.019,0.661,12.962,36.995,4.73,101.384,0.427,0.231
Japan,2013,JPN,127678920.0,4621006798848.0,18.604,0.402,20.086,2.565,181.549,23.18,2.131,0.046,595.904,4.079,55.239,11038.925,1409.438,2839.545,362.55,2.39,0.19,63.896,8.158,33.33,25.279,1087.76,1087.76,20.39,-0.717,-40.267,43669.051,1.207,-1.06,-55.681,7460.981,952.61,40703.449,5196.973,87.575,93.209,0.261,3.218,1235.369,3317.54,423.58,9675.589,-8.665,-3.37,278.236,35.525,38.941,22.157,648.2,2.894,4.808,216.212,621.324,79.33,1693.401,7.293,3.878,4.742,15.414,378.645,1058.515,135.15,2965.599,12.425,6.791,0.0,0.0,-18.834,-9.147,38.191,114.349,14.6,299.117,1.342,0.685,-4.281,-114.138,2552.166,1303.896,166.48,19988.936,-1.327,-0.114,66.622,8.506,15.305,45.774,72.506,23.177,,4.73,3.355,181.523,,567.874,2.131,,1.3,8519.496,5575.617,8.479,24.562,340.454,944.165,120.55,2666.482,11.082,6.106,75.108,14.969,35.182,101.113,12.91,275.549,1.187,0.631,8.583,1.028,13.99,40.179,5.13,109.572,0.472,0.251
Japan,2014,JPN,127476728.0,4634693337088.0,21.485,0.551,24.44,3.116,185.367,23.63,2.224,0.057,591.529,-1.682,-23.703,10870.498,1385.735,2789.529,355.6,8.631,0.704,69.521,8.862,33.461,25.514,1062.72,1062.72,20.467,-2.59,-144.4,42605.559,1.172,-2.723,-141.514,7286.193,928.82,39657.898,5055.459,87.4,93.081,0.984,12.152,1247.521,3536.959,450.88,9786.267,-6.669,-2.369,260.091,33.156,42.427,22.969,628.63,2.996,5.145,221.357,640.98,81.71,1736.447,7.689,4.076,-0.511,-2.886,375.759,1050.388,133.9,2947.664,12.6,6.918,0.0,0.0,-100.0,-38.191,0.0,0.0,0.0,0.0,0.0,0.0,-5.092,-129.964,2422.202,959.705,122.34,19001.133,-4.816,-0.41,63.515,8.097,11.512,44.598,73.909,23.628,,1.946,1.403,185.349,,579.783,2.223,,1.361,8336.58,5431.217,11.29,35.305,375.759,1050.388,133.9,2947.664,12.6,6.918,82.42,28.612,63.794,184.74,23.55,500.439,2.216,1.175,-2.322,-0.407,13.583,39.301,5.01,106.555,0.471,0.25
Japan,2015,JPN,127250936.0,4707025158144.0,21.066,0.656,29.641,3.772,223.888,28.49,2.766,0.07,578.049,0.884,12.245,10986.017,1397.981,2747.642,349.64,-10.455,-0.927,62.363,7.936,33.942,26.063,1030.12,1030.12,20.264,-1.239,-67.287,42152.383,1.14,-2.658,-134.358,6849.302,871.58,38672.41,4921.101,84.61,91.744,-4.837,-60.345,1187.176,3280.919,417.5,9329.412,-1.118,-0.371,257.639,32.785,40.529,22.133,595.46,4.965,9.607,230.963,674.023,85.77,1815.021,8.326,4.306,18.462,67.071,442.829,1245.885,158.54,3479.97,15.39,8.256,0.0,0.0,,11.692,11.692,35.52,4.52,91.88,0.439,0.218,-3.561,-86.259,2335.943,820.741,104.44,18356.982,-3.933,-0.318,61.125,7.778,10.139,43.549,89.322,28.485,,20.558,15.413,223.85,,701.937,2.765,,1.665,8095.186,5363.93,15.16,55.379,431.138,1210.364,154.02,3388.09,14.952,8.038,46.679,29.221,93.016,271.432,34.54,730.963,3.353,1.734,4.165,0.482,14.065,41.021,5.22,110.529,0.507,0.262
Japan,2016,JPN,126993856.0,4742508969984.0,22.316,0.842,36.329,4.614,186.387,23.67,2.287,0.087,569.655,-0.186,-2.595,10987.819,1395.385,2718.557,345.24,14.486,1.15,71.542,9.085,33.353,26.35,1035.1,1035.1,20.691,-1.274,-68.325,41699.695,1.117,-1.881,-92.551,6816.472,865.65,38021.918,4828.55,83.63,91.18,-1.938,-23.002,1164.174,3321.735,421.84,9167.171,3.007,0.986,265.922,33.77,40.754,21.984,589.65,-7.391,-18.337,212.626,625.463,79.43,1674.302,7.674,4.015,7.237,24.226,467.055,1334.317,169.45,3677.777,16.37,8.82,0.0,0.0,290.733,33.722,45.414,139.219,17.68,357.604,1.708,0.858,-2.866,-66.953,2268.99,776.179,98.57,17866.928,-20.318,-1.58,48.804,6.198,9.523,42.847,74.12,23.671,,-16.901,-15.202,186.394,,583.65,2.287,,1.4,8150.788,5295.605,-0.893,-9.496,421.642,1195.097,151.77,3320.173,14.662,7.962,25.436,22.969,115.985,341.198,43.33,913.308,4.186,2.19,2.259,0.233,14.297,42.049,5.34,112.584,0.516,0.27
Japan,2017,JPN,126662464.0,4821960097792.0,3.42,0.158,37.67,4.771,216.244,27.39,2.628,0.089,553.754,1.475,20.578,11179.029,1415.963,2707.037,342.88,3.588,0.326,74.302,9.411,32.904,26.443,1042.07,1042.07,20.715,1.116,59.072,42275.172,1.11,0.029,1.404,6681.143,846.25,38132.48,4829.954,81.209,90.201,0.489,5.69,1169.865,3386.323,428.92,9236.082,,,,,41.16,21.848,577.05,-0.23,-1.736,210.89,625.994,79.29,1664.974,7.609,3.938,13.272,57.668,524.723,1545.999,195.82,4142.688,18.791,9.799,0.0,0.0,64.458,28.833,74.247,229.508,29.07,586.177,2.79,1.387,-1.096,-24.864,2244.126,587.783,74.45,17717.371,,,,,7.144,41.91,74.44,23.805,,0.566,0.32,187.939,,587.701,2.284,,1.39,8227.141,5354.677,7.485,28.835,450.476,1316.491,166.75,3556.511,16.002,8.413,24.732,27.834,143.818,428.225,54.24,1135.446,5.205,2.686,16.492,2.26,16.557,46.028,5.83,130.72,0.559,0.309
Japan,2018,JPN,126255872.0,4852985364480.0,7.653,0.365,40.683,5.137,238.642,30.13,2.861,0.097,535.996,-2.074,-29.366,10982.438,1386.597,2733.576,345.13,-28.65,-2.696,53.185,6.715,32.77,26.081,1053.18,1053.18,21.3,-0.712,-38.121,42109.379,1.096,-2.474,-119.477,6528.647,824.28,37308.977,4710.478,78.266,88.6,-1.093,-12.783,1157.082,3369.111,425.37,9164.576,,,,,40.389,21.764,564.5,2.213,3.407,214.297,642.426,81.11,1697.323,7.701,4.031,16.445,81.356,606.079,1812.985,228.9,4800.4,21.734,11.4,0.0,0.0,68.904,50.426,124.672,388.972,49.11,987.458,4.663,2.345,-3.446,-77.327,2166.799,425.96,53.78,17161.965,,,,,5.106,40.756,80.503,25.748,,8.162,6.064,203.932,,637.621,2.445,,1.514,8341.632,5316.556,7.371,30.93,481.406,1424.013,179.79,3812.942,17.071,9.055,13.289,18.159,161.977,491.938,62.11,1282.929,5.897,3.047,18.417,2.935,19.492,51.008,6.44,154.386,0.611,0.367
Japan,2019,JPN,125791680.0,4833468219392.0,-6.931,-0.356,38.003,4.781,255.661,32.16,3.135,0.092,523.982,-1.731,-24.004,10832.146,1362.594,2688.572,338.2,-27.131,-1.822,38.898,4.893,32.97,26.176,1025.78,1025.78,21.34,-2.088,-111.02,41382.203,1.077,-3.275,-154.257,6199.456,779.84,36220.367,4556.221,76.024,87.526,-6.555,-75.849,1081.233,3182.484,400.33,8595.424,,,,,39.027,20.771,537.49,-8.739,-19.448,194.849,585.412,73.64,1548.984,7.179,3.743,7.51,43.237,649.316,1955.137,245.94,5161.835,23.976,12.474,0.0,0.0,33.661,41.352,166.025,521.815,65.64,1319.837,6.399,3.189,-2.511,-54.405,2112.394,328.4,41.31,16792.799,,,,,4.027,40.58,86.268,27.597,,7.183,5.765,219.387,,685.802,2.69,,1.657,8154.594,5205.537,0.394,1.885,483.291,1433.322,180.3,3841.998,17.577,9.284,10.139,15.765,177.742,538.589,67.75,1412.985,6.605,3.414,1.191,0.159,19.652,53.66,6.75,156.223,0.658,0.378
Japan,2020,JPN,125244760.0,4626661244928.0,7.684,0.367,41.102,5.148,277.856,34.8,3.491,0.107,525.718,-6.74,-91.842,10146.147,1270.752,2641.068,330.78,1.802,0.088,39.772,4.981,33.179,26.335,996.96,996.96,22.49,-7.305,-380.288,38526.551,1.043,-8.048,-366.667,6058.457,758.79,33450.93,4189.554,76.11,86.826,-3.696,-39.958,1041.275,3133.864,392.5,8313.921,,,,,39.37,21.58,524.12,5.97,10.874,205.723,618.07,77.41,1642.567,7.765,4.263,-2.285,-13.621,635.695,1901.636,238.17,5075.623,23.89,13.174,0.0,0.0,-34.488,-57.658,108.366,343.328,43.0,865.237,4.313,2.246,-11.119,-234.868,1877.527,283.525,35.51,14990.86,,,,,3.562,38.91,94.994,30.373,,10.059,8.726,242.509,,758.466,3.047,,1.969,7960.094,4825.249,9.382,44.037,527.329,1558.309,195.17,4210.387,19.577,10.929,12.593,21.648,199.39,599.945,75.14,1592.002,7.537,4.132,12.743,2.423,22.074,62.438,7.82,176.25,0.784,0.457
Japan,2021,JPN,124612528.0,4725883797504.0,-2.865,-0.148,40.127,5.0,286.97,35.76,3.507,0.099,508.527,7.768,98.716,10989.806,1369.467,2717.223,338.6,-8.711,-0.434,36.492,4.547,33.206,27.186,1019.71,1019.71,22.176,4.398,212.233,40425.16,1.066,3.021,126.57,5958.47,742.5,34636.355,4316.124,72.815,85.68,-0.597,-6.214,1035.061,2935.178,365.76,8306.236,,,,,35.869,20.547,518.55,1.652,2.633,208.356,638.62,79.58,1672.032,7.804,4.136,13.759,85.662,721.357,2224.576,277.21,5788.802,27.185,14.32,0.0,0.0,42.38,45.361,153.727,491.283,61.22,1233.641,6.004,3.052,1.815,34.069,1911.596,306.069,38.14,15340.316,,,,,3.74,37.947,109.044,34.794,,14.556,14.05,279.218,,875.065,3.412,,2.165,8183.046,5037.481,7.549,40.301,567.63,1733.293,215.99,4555.162,21.182,11.268,10.881,20.886,220.276,741.498,92.4,1767.69,9.061,4.373,13.457,2.879,24.953,66.205,8.25,200.247,0.809,0.495
Japan,2022,JPN,123951696.0,4774494732288.0,0.828,0.041,40.675,5.042,334.646,41.48,4.013,0.101,512.805,-0.288,-3.943,11016.588,1365.525,2811.418,348.48,3.325,0.151,37.906,4.699,33.717,27.284,1033.55,1033.55,22.575,-0.647,-32.601,40377.672,1.048,-0.502,-21.653,6089.873,754.85,34646.324,4294.471,73.035,85.806,-3.173,-32.838,1002.223,2908.714,360.54,8085.595,,,,,34.884,20.025,530.01,-5.975,-13.164,195.192,604.106,74.88,1574.74,7.245,3.9,-1.589,-10.947,710.41,2248.457,278.7,5731.347,26.965,14.194,0.0,0.0,-15.433,-24.199,129.528,417.663,51.77,1044.99,5.009,2.588,0.791,15.127,1926.723,369.741,45.83,15544.143,,,,,4.434,38.497,118.667,37.83,,8.725,9.623,305.199,,957.365,3.66,,2.371,8338.329,5004.881,2.387,13.252,580.882,1830.794,226.93,4686.357,21.956,11.606,8.184,17.158,237.434,826.128,102.4,1915.535,9.908,4.744,-1.266,-0.406,24.547,65.913,8.17,198.041,0.79,0.49
Japan,2023,JPN,123294512.0,4774494732288.0,-1.407,-0.071,40.316,4.971,399.369,49.24,4.858,0.103,485.392,-7.72,-105.414,10220.329,1260.11,2655.593,327.42,-4.95,-0.233,36.222,4.466,32.306,26.066,1013.51,1013.51,23.262,-3.407,-170.507,39209.965,1.048,-6.09,-261.553,5633.26,694.55,32709.631,4032.918,68.529,83.422,-7.784,-78.015,924.208,2699.877,332.88,7495.937,,,,,32.844,19.117,491.95,-0.493,-1.668,193.524,598.486,73.79,1569.608,7.281,4.003,13.325,91.046,801.456,2586.976,318.96,6500.337,31.471,16.578,0.0,0.0,49.613,63.558,193.086,628.09,77.44,1566.059,7.641,3.994,-4.055,-78.123,1848.599,277.79,34.25,14993.363,,,,,3.379,38.239,131.918,42.045,,11.143,13.251,341.015,,1069.941,4.148,,2.729,8220.236,4834.374,4.716,27.487,608.369,1958.887,241.52,4934.278,23.83,12.584,6.504,14.523,251.957,886.982,109.36,2043.535,10.79,5.212,6.303,1.452,26.0,74.05,9.13,210.877,0.901,0.538
